Ranking,Username,Subscribers,Uploads,Views,Country
1,MrBeast,336M,838,"66,85,36,33,536",US
2,T-Series,281M,"22,313","2,77,24,27,95,553",IN
3,Cocomelon-Nursery Rhymes,186M,1370,"1,94,36,17,52,276",US
4,Youtube Movies,185M,0,0,
5,Set India,180M,"1,48,727","1,72,70,90,29,653",IN
6,Vlad & Niki,129M,796,"99,29,14,99,729",US
7,Kids Diana Show,128M,"1,282","1,08,98,79,29,584",US
8,Like Nastya,124M,918,"1,08,12,85,07,997",US
9,Music,121M,0,0,
10,Zee Music Company,112M,"12,787","72,09,13,45,721",IN
11,PewDiePie,110M,"4,800","29,45,39,29,047",JP
12,WWE,106M,"80,964","90,16,71,79,784",
13,Stokes Twins,102M,335,"16,13,93,07,959",US
14,Goldmines,101M,"9,421","29,93,63,65,183",IN
15,Sony SAB,97.7M,"94,136","1,23,17,28,28,384",IN
16,Blackpink,95.4M,603,"37,50,28,31,600",KR
17,ChuChu Tv,94.3M,832,"53,26,54,15,943",IN
18,Gaming,92.9M,0,0,
19,Zee TV,86.2M,"1,90,672","97,56,69,87,807",IN
20,5-Minute Crafts,81.1M,"7,391","27,90,75,81,110",US
21,BANGTANTY,79.4M,"2,674","24,16,17,04,347",KR
22,Baby Shark - Pinkfong Kids Song,79.3M,"3,399","47,49,78,93,810",US
23,Colors TV,77.6M,"1,79,052","76,49,00,31,656",IN
24,HYBE LABELS,76.2M,"2,253","37,27,92,67,924",KR
25,Sports,74.7M,0,0,
26,Justin Bieber,74.4M,249,"33,63,67,31,466",CA
27,KIMPRO,73.3M,"3,580","56,71,54,55,039",KR
28,T-Series Bhakti Sagar,72.6M,"29,140","37,18,56,31,965",IN
29,UR.Cristiano,71.7M,80,"72,12,28,815",PT
30,A4,71.5M,971,"31,48,76,02,900",US
31,Tips Official,71M,"6,859","43,17,12,45,557",IN
32,Shemaroo Filmi Gaane,70.3M,"8,988","30,98,24,52,123",IN
33,Alan Chikin Chow,70M,"1,413","48,93,57,62,064",US
34,ZAMZAM ELECTRONIC TRADING,69.4M,"19,224","34,23,72,65,905",AE
35,Aaj Tak,68.7M,"4,15,087","35,55,22,74,523",IN
36,Toys & Colors,68.3M,"1,396","82,39,18,01,354",US
37,Canal Kondzilla,67.5M,"3,014","38,92,36,94,296",BR
38,El Reino Infantil,67.1M,"1,667","64,04,26,50,819",AR
39,Infobells-Hindi,66.8M,731,"39,66,14,13,683",IN
40,Wave Music,63.7M,"20,481","43,98,01,09,554",IN
41,EminemMusic,63.4M,196,"32,25,62,97,282",
42,HAR PAL GEO,62.9M,"1,52,148","64,18,48,80,416",PK
43,MovieClips,62.9M,"41,711","64,18,42,20,639",US
44,Sony Music India,62.9M,"5,941","32,51,88,71,280",IN
45,YRF,62.9M,"4,333","44,70,23,57,371",IN
46,KL BRO Biju R ithvik,62.8M,"2,873","54,38,51,71,265",IN
47,Mark Rober,60.8M,187,"8,95,62,27,211",US
48,Dude Perfect,60.6M,463,"18,00,58,95,732",US
49,Taylor Swift,60.4M,285,"37,66,31,71,636",US
50,Fede Vigevani,60M,"1,435","17,63,65,83,860",MX
51,ARY Digital HD,59.9M,"1,55,545","59,35,57,07,231",PK
52,LooLoo Kids ,59.3M,933,"36,60,36,03,223",US
53,Billion Surprise Toys,57.6M,"1,221","10,60,29,47,691",US
54,Marshmello,57.5M,508,"16,38,92,17,605",US
55,YOLO AVENTURAS,56.5M,"2,655","19,76,38,01,820",MX
56,Shemaroo ,56.3M,"13,166","25,66,95,98,984",IN
57,PANDA BOL,55.9M,"1,143","25,24,30,08,251",IT
58,Alejo lgoa,55.9M,"1,158","20,25,56,86,758",AR
59,Ed Sheeran,55.6M,538,"33,42,41,21,267",GB
60,Ariana Grande,55.1M,214,"27,57,53,37,685",US
61,shripraashant,53.9M,"11,966","3,23,79,75,581",IN
62,Billie Eilish,53.9M,142,"17,59,97,08,994",US
63,Get Movies,53.6M,"3,468","34,46,00,24,944",RU
64,Mikecrack,53.4M,"2,072","19,54,20,79,629",ES
65,SonyMusicIndiaVEVO,53.2M,"3,688","33,39,95,50,869",US
66,mashabearrussian,52.5M,"2,009","43,44,12,58,673",RU
67,Jess No Limit,52.5M,"2,909","6,98,98,48,318",ID
68,JuegaGerman,51.9M,"2,264","16,19,05,11,067",CL
69,Topper Guild,50.8M,"1,070","21,07,24,16,955",US
70,ABS-CBN Entertainment,50.8M,"2,34,889","56,27,31,84,883",PH
71,Jiocinema Kids,50.7M,"6,907","24,51,38,26,985",IN
72,StarPlus,50.4M,"1,11,513","54,50,32,68,938",IN
73,Saregama Music,50.1M,"9,550","24,19,13,94,571",IN
74,LUCCAS NETO - LICCAS TOON,50.1M,"3,028","29,69,81,14,509",BR
75,Masha and The Bear,50.1M,"1,735","30,13,96,88,172",US
76,BETER BOCUK,49.9M,"2,915","28,03,57,15,762",TR
77,Real fools shorts official,49.5M,636,"23,65,03,95,482",IN
78,Bad Bunny,48.5M,157,"37,19,83,49,778",PR
79,Fernanfloo,48.1M,547,"10,72,53,56,823",SV
80,Ricis Official,47.8M,"4,792","8,18,92,52,100",ID
81,Ishtar Music,47.6M,"4,763","21,23,37,34,157",IN
82,Badabun,47.6M,"24,021","19,89,48,97,196",MX
83,shfa2,47.5M,"1,857","30,41,21,48,805",AE
84,MrBeast2,47.3M,123,"7,04,50,45,458",US
85,Shakira,47.3M,362,"31,91,15,21,616",CO
86,Anaya Kandhal,47.1M,"1,921","44,77,49,05,876",IN
87,shfa ,47.1M,"1,193","27,89,41,73,800",AE
88,Felipe Neto,46.9M,"5,310","18,22,11,00,236",BR
89,Dushyant Kukreja,46.7M,"1,334","30,03,63,26,973",IN
90,ISSEI,46.3M,"3,201","34,52,87,96,394",JP
91,ABP NEWS,46.3M,"4,33,181","19,68,09,55,314",IN
92,Maria Clara & JP,46.2M,916,"30,29,31,44,508",BR
93,Alan Walker,46.2M,676,"14,99,68,04,659",NO
94,Kimberly Loaiza,46.1M,314,"6,89,30,64,959",MX
95,MrBeast Gaming,46M,141,"8,38,75,27,043",US
96,Alfredo Larin,46M,"1,831","39,51,88,75,780",SV
97,Voce Sabia,46M,"1,714","8,18,00,68,059",BR
98,Katy Perry,45.6M,170,"27,61,68,50,074",US
99,Speed Records,45.5M,"11,880","30,58,74,36,800",IN
100,Zhong,45.5M,"1,861","17,99,81,63,730",US
